Elev,MP
15.5,499.4305556
17,499.7361111
17,500.2083333
16,500.4027778
16,500.8888889
17,501.0684932
16,501.260274
16,502.5753425
18.5,503.0466667
17,503.3466667
17,503.44
20,504.047619
19,504.244898
19,504.6258503
20,504.8163265
20,505.369863
34.3,513.739726
34.7,513.7876712
35.4,513.8287671
36.2,514.6462585
35.6,514.6843537
34.9,514.7823129
34.9,514.8027211
34.6,514.8163265
33.8,515.119863
33.5,515.1369863
33.5,515.1609589
33.9,515.1952055
34.9,515.2363014
37,515.2979452
37.6,515.3356164
37.6,515.359589
36.8,515.4178082
33.9,515.5479452
33.4,515.5890411
33.4,515.609589
34.1,515.6643836
34.1,515.6986301
34,515.7191781
34.5,515.739726
33.9,515.7636986
33.9,515.8527397
33.4,515.9246575
33.4,516.8503401
34.1,517.0340136
35.7,517.1088435
44.9,517.3333333
60.9,517.6666667
65.2,517.952381
69.7,518.2671233
75.5,518.8630137
73.4,518.9246575
63.6,519.1527778
60.4,519.2465278
58.9,519.3680556
60.4,519.4236111
64.5,519.5173611
74.8,519.7152778
80.4,519.8506944
84.7,520.4324324
84.3,520.6486486
82.2,520.8108108
78.4,520.9358108
72.3,521.0782313
67.8,521.1496599
67.1,521.2517007
77,521.4931973
77.4,521.537415
74.1,521.9387755
72.4,522.1931034
74.1,522.4758621
73.5,522.6965517
68.6,523.0344828
66.7,523.1724138
71.3,523.3655172
72.8,523.4586207
68.8,523.6517241
68.7,523.7758621
70.5,523.9586207
74.3,525.5655172
75.6,525.937931
75.7,526.869863
77.9,527.3537415
77.7,527.4693878
80.4,527.7789116
80.6,528.0952381
84.6,528.2108844
92.7,528.3605442
96.1,528.4693878
96.9,528.6054422
94.8,528.829932
94.3,529.0753425
95.7,529.609589
94.9,529.8219178
97.7,529.9383562
98.6,530.0416667
99.4,530.5069444
104.6,530.9722222
104.8,531.2965517
102.4,531.5931034
102.6,531.8
100.9,531.9413793
105.9,532.2465753
106.9,532.6506849
108,532.7671233
110.3,533.1972789
108.8,533.5102041
110.5,533.7176871
109.8,533.8095238
110.3,533.9931973
110,534.262069
112.4,534.4896552
114.3,534.6482759
124,534.937931
150.2,535.4827586
153.7,535.5793103
156.3,535.6931034
158.7,535.8068966
157.3,535.9103448
146,536.1730104
109.5,536.9100346
97.9,537.1438356
90.7,537.2534247
87.1,537.3493151
87.3,537.4417808
91.4,537.6506849
88.2,537.7465753
86.4,537.859589
86.6,538.4536082
87.7,538.5292096
115.6,539.027027
116.9,539.0810811
116.9,539.222973
118.6,539.3006757
136.5,539.6993243
137.4,539.8006757
128.1,540.0136054
128.5,540.0816327
135,540.207483
147.4,540.5034014
151.9,540.6122449
156.4,540.707483
178.3,541.1909722
178.6,541.2708333
177.1,541.3333333
171.5,541.4652778
171.4,541.5763889
173.2,541.6388889
176,541.8125
175.4,541.8506944
164.7,542.1034483
165.3,542.1448276
175.3,542.3931034
175.9,542.4482759
175,542.4896552
162.1,542.7586207
161.6,542.8034483
168.5,543.0069204
175.8,543.2387543
174.6,543.3391003
172.2,543.4359862
170.6,543.6747405
180.5,543.8546713
187,544.0137931
188,544.0827586
187.6,544.3965517
184.6,544.4758621
171.9,544.6896552
171.8,544.7862069
188.6,545.1292517
190.4,545.244898
189.8,545.3605442
185.6,545.5340136
192.5,545.7687075
191.2,545.9319728
188.4,546.0479452
187.8,546.2363014
186.1,546.3938356
184.9,546.4726027
179.8,546.5958904
182,546.6712329
190,546.8561644
191.5,546.9486301
191.6,547.4236111
193.7,547.5277778
193.7,547.5763889
190.8,547.6875
187.2,547.7708333
198.4,548.0553633
198.2,548.8304498
195.8,548.9377163
186.8,549.1689655
185.7,549.4896552
189.2,549.6275862
198,549.8413793
206.8,550.2430556
209.1,551.1541096
207.3,551.3287671
210.7,551.5958904
212.8,552.1768707
216.2,552.5
216.2,553.2743056
221.3,553.5625
219.2,553.8541667
220.7,554.1394558
225,554.4761905
225.8,554.8605442
222.5,555.0662021
223.4,555.2090592
226.6,555.2787456
233.1,555.6236934
234.7,555.9233449
238.3,556.2832765
235.6,556.5255973
234,556.7986348
234,557.0538721
238,557.7643098
235.9,557.8989899
201.9,558.5902778
191.7,558.8263889
185.4,558.9548611
176.3,559.1038062
176.3,559.2352941
186.3,559.4290657
198.3,559.6608997
213.3,560.1292517
210.3,560.2380952
190.3,560.6326531
191.9,560.792517
202.4,561.0347222
200.6,561.15625
147.6,562.1517241
125.6,562.5517241
122.6,562.6517241
122.6,562.7862069
119,562.937931
120.6,563.1575342
153.8,563.8219178
155.67,563.8767123
161.91,563.9863014
163.1,564.0068493
164.81,564.0650685
172.73,564.2191781
175.41,564.2568493
180.21,564.3287671
186.58,564.4520548
188,564.5273973
189.4,564.6643836
189.4,564.8321918
189.9,564.9246575
192.1,565.0136986
192.2,565.0445205
190.2,565.1369863
189.6,565.1575342
169.6,565.5205479
167.7,565.5616438
158.48,565.7260274
153.06,566.0277778
152.88,566.1111111
152.22,566.2013889
153.34,566.4722222
154.72,566.5833333
154.51,566.6388889
154.4,566.6666667
152.04,566.7430556
135.44,567.1027397
135.2,567.1369863
135.2,567.1575342
136.4,567.2123288
137.1,567.2568493
137.1,567.3150685
132.69,567.4863014
131.61,567.5547945
131.61,567.5787671
132.32,567.7123288
132.22,567.760274
132.3,567.8013699
131.91,567.8561644
131.91,567.8767123
132.11,567.9486301
134.91,568.0484429
136.59,568.0865052
149.89,568.4429066
150.2,568.4636678
151.9,568.4982699
157.22,568.5709343
159.2,568.6470588
166.52,568.7716263
168.2,568.8131488
169.5,568.8685121
169.5,568.9031142
169.1,568.9238754
164.9,569.0544218
165,569.0884354
165.5,569.1088435
165.9,569.1836735
166.41,569.2414966
166.61,569.292517
169.5,569.4421769
173.9,569.585034
176.42,569.6394558
177.8,569.6768707
184.52,569.8231293
194.01,570.0756014
198.31,570.1718213
203.53,570.2817869
206.59,570.3436426
212.23,570.4536082
213.3,570.4728522
214.91,570.5085911
216.91,570.5429553
220.6,570.6013746
230.8,570.8213058
244.9,571.0721649
248.11,571.1305842
253.57,571.2611684
256.97,571.4467354
258.57,571.5876289
261.01,571.6426117
267.5,571.7594502
267.5,571.7835052
265.8,571.8213058
262.5,571.8591065
261.6422097,571.8714258
261.2153472,571.8837451
261.2194126,571.8960643
261.6544058,571.9083836
262.5,571.9243986
267.7,572.0204082
271,572.1292517
271.8558993,572.1562687
272.0662102,572.1673716
271.993664,572.1784745
271.6382605,572.1895774
271,572.2006803
261,572.3401361
259,572.4217687
259.5,572.5034014
253.5,572.6054422
253.3892635,572.6071899
253.012866,572.6152564
252.9058563,572.6233228
253.0682343,572.6313893
253.5,572.6394558
261.5,572.755102
261.9478571,572.7636054
262.0971429,572.7721088
261.9478571,572.7806122
261.5,572.7891156
257.5,572.8435374
256.4251429,572.8639456
256.0668571,572.8843537
256.4251429,572.9047619
257.5,572.9251701
269.5,573.0874126
283,573.3181818
284.4854737,573.3452337
285.8781053,573.3813029
286.0947368,573.4173721
285.1353684,573.4534413
283,573.4895105
273,573.6223776
272.301411,573.63163
271.8508083,573.6398064
271.7337055,573.6479828
271.9501028,573.6561592
272.5,573.6643357
277.5,573.7202797
278.5468463,573.735458
279.0266926,573.7506363
278.9395389,573.7658146
278.2853852,573.7809929
277.5,573.7937063
263.5,574.0207612
263.0242869,574.0312073
262.8877779,574.0416533
263.090473,574.0520994
263.6323724,574.0625454
265.5,574.0899654
281,574.3114187
288.6230862,574.4233386
289.0286771,574.4299607
289.3433597,574.4365828
289.567134,574.4432049
289.7,574.449827
291.7,574.5916955
291.7,574.633218
291.7,574.7738455
291.65625,574.778481
291.525,574.7831165
291.30625,574.787752
291,574.7923875
281,574.9238754
280.6507943,574.9300349
280.5333083,574.9361944
280.6475421,574.9423539
280.9934956,574.9485134
282,574.9619377
290.5,575.0753425
291.7613918,575.0978272
292.1739411,575.1203119
291.7376479,575.1427966
290.4525123,575.1652813
290,575.1712329
277,575.3493151
274.7934944,575.3783358
274.1147886,575.3899162
273.8396376,575.4014967
273.9680414,575.4130771
274.5,575.4246575
286,575.6232877
287.239847,575.6465948
288.0059062,575.669902
288.2981779,575.6932091
288.1166618,575.7165163
287.7,575.739726
286,575.8390411
285.9172945,575.8539591
286.2047945,575.8688771
286.8625,575.8837951
287.890411,575.8987132
290,575.9246575
297.7,576.0206186
299.5739591,576.0436651
301.2415724,576.0688313
302.1517837,576.0939975
302.3045929,576.1191637
301.7,576.1443299
298,576.2439863
297.78125,576.2503847
297.625,576.2567831
297.53125,576.2631816
297.5,576.26958
297.5,576.2817869
297.5,576.3539519
297.5,576.3834757
297.53125,576.3889814
297.625,576.394487
297.78125,576.3999926
298,576.4054983
301,576.4810997
301.1275052,576.4839076
301.5092216,576.4935149
301.7818763,576.5031222
301.9454691,576.5127295
302,576.5189003
302,576.5601375
304,576.6185567
304.7795218,576.640592
304.9041233,576.6445334
304.9990702,576.6484747
305.0643624,576.652416
305.1,576.6563574
306,576.814433
306.0682398,576.8273572
306.0363087,576.8361536
305.847625,576.8449501
305.5021888,576.8537465
305,576.862543
267.5,577.4275862
266.5368347,577.4473337
266.2540108,577.4670812
266.6515283,577.4868288
267.7293871,577.5065763
268,577.5103448
298,577.9241379
298.4375,577.9311009
298.75,577.938064
298.9375,577.945027
299,577.95199
299,577.9689655
299,578.1103448
301,578.262069
300.5,578.3724138
300.5,578.5172414
299.5,578.5586207
299.5,578.6965517
299.426969,578.7056966
299.2078759,578.7148415
298.8427207,578.7239864
298.3315034,578.7331313
294.5,578.7931034
286,578.9241379
285.7465695,578.9283253
285.5213286,578.9325128
285.3242774,578.9367002
285.1554158,578.9408876
284.5,578.9586207
284,578.9724138
283.8520761,578.9759827
283.6721176,578.9795516
283.4601247,578.9831205
283.2160974,578.9866894
283,578.9896552
272,579.1398601
271.6752941,579.1443165
271.1537783,579.1519436
270.700724,579.1595708
270.3161312,579.167198
270,579.1748252
269.784965,579.1801229
269.5314685,579.1854206
269.2395105,579.1907184
268.9090909,579.1960161
268,579.2097902
255.5,579.3986014
255.1882591,579.4033247
254.7902328,579.4117593
254.7095142,579.4201938
254.9461032,579.4286284
255.5,579.4370629
263.5,579.5314685
264.6142624,579.5487311
265.0403709,579.5659936
264.7783255,579.5832561
263.8281263,579.6005187
263.5,579.6048951
252,579.7552448
251.4815179,579.7621601
250.4985038,579.779662
250.1739128,579.7971639
250.5077449,579.8146659
251.5,579.8321678
261.5,579.965035
262.8125,579.9849015
263.75,580.004768
264.3125,580.0246345
264.5,580.044501
264.5,580.04811
264.5,580.1305842
264.4632474,580.1371355
264.3529897,580.1436867
264.1692268,580.150238
263.9119588,580.1567892
263.7,580.161512
262,580.1993127
261.147917,580.2267232
261.0520351,580.2541337
261.7123542,580.2815442
263.1288743,580.3089547
264.5,580.3298969
316,581.1130137
316.6846211,581.1246167
317.2191462,581.1362196
317.6035755,581.1478226
317.8379089,581.1594255
318,581.1712329
322.5,581.5136986
322.6520924,581.5247776
322.7318809,581.5425558
322.4831284,581.560334
321.9058347,581.5781122
321,581.5958904
313,581.7328767
312.5191823,581.7438153
312.3935633,581.7547539
312.6231429,581.7656926
313.2079211,581.7766312
313.5,581.7808219
331,582.0273973
332.0732518,582.0427963
332.6730005,582.0543575
332.8607081,582.0659187
332.6363746,582.0774799
332,582.0890411
321,582.2431507
320.8995359,582.2447063
320.8248424,582.2462619
320.7759194,582.2478176
320.752767,582.2493732
320.5,582.2876712
320,582.3630137
319.9189498,582.375294
319.8613442,582.3816418
319.7723174,582.3879895
319.6518693,582.3943372
319.5,582.4006849
319.4945205,582.4008925
319.2781678,582.4102584
319.1236301,582.4196243
319.0309075,582.4289902
319,582.4383562
319,582.5136986
319,582.5279301
319.0625,582.5346462
319.25,582.5413623
319.5625,582.5480784
320,582.5547945
328.5,582.6712329
328.71875,582.6745909
328.875,582.677949
328.96875,582.681307
329,582.6846651
329,582.7123288
329,582.8013699
328.9871062,582.8069516
328.9484247,582.8125334
328.8839555,582.8181151
328.7936986,582.8236969
328.7,582.8287671
328,582.8630137
329.5,582.9178082
329.5,582.9726027
329.5,582.9875361
329.4375,582.9941123
329.25,583.0006885
328.9375,583.0072647
328.5,583.0138408
316.5,583.16609
316,583.1726661
315.3044905,583.1848629
315.072654,583.1970597
315.3044905,583.2092565
316,583.2214533
327.5,583.3737024
328.3928767,583.3880791
328.8853348,583.4024557
328.9773742,583.4168324
328.6689948,583.4312091
328.5,583.4359862
311,583.9273356
310.86875,583.9315758
310.775,583.935816
310.71875,583.9400561
310.7,583.9442963
310.7,583.9723183
310.7,584.0622837
310.7,584.0721925
310.7375,584.0835561
310.85,584.0949198
311.0375,584.1062834
311.3,584.1176471
313.0083291,584.1823565
313.1730937,584.1938608
313.0599604,584.2053651
312.6689292,584.2168694
312,584.2283737
298.7,584.4152249
298.175,584.423769
297.8,584.4323131
297.575,584.4408572
297.5,584.4494013
297.5,584.449827
297.5,584.4982699
297.5,584.5029809
297.375,584.516509
297,584.5300371
296.375,584.5435653
295.5,584.5570934
283,584.7231834
282.9034123,584.72449
282.0643066,584.7397343
281.8007027,584.7549786
282.1126005,584.7702229
283,584.7854671
302,585.0380623
303.1656405,585.0531832
304.2746179,585.0736244
304.4500036,585.0940656
303.6917977,585.1145069
302,585.1349481
298,585.1730104
296.6874423,585.1883083
295.9806805,585.2036061
295.8797145,585.218904
296.3845444,585.2342019
299,585.283737
300.0645082,585.3038982
300.2284417,585.3075084
300.3390015,585.3111186
300.3961876,585.3147289
300.4,585.3183391
299.7,585.4290657
299.4829093,585.4633288
299.4358818,585.4668738
299.3397211,585.4704187
299.1944272,585.4739637
299,585.4775087
288.5,585.6539792
287.7488452,585.6661386
287.473338,585.6717493
287.3400281,585.6773599
287.3489154,585.6829706
287.5,585.6885813
290.5,585.7647059
290.6468688,585.7684147
291.0871844,585.7856536
291.0428115,585.8028925
290.5137501,585.8201314
289.5,585.8373702
262,586.2137931
261.8183656,586.2165424
261.6741105,586.2192917
261.5672347,586.222041
261.4977382,586.2247903
261,586.2517241
250,586.8310345
249.8426697,586.8489577
250.0331222,586.866881
250.5713574,586.8848042
251.4573754,586.9027275
251.5,586.9034483
256,586.9758621
257.1564352,587.0024505
257.4810793,587.0290388
256.9739325,587.0556272
255.6349947,587.0822156
255,587.0918367
250,587.170068
249.5625,587.1776438
249.25,587.1852195
249.0625,587.1927953
249,587.2003711
249,587.2108844
248.9843112,587.2140538
248.9372449,587.2172233
248.858801,587.2203927
248.7489796,587.2235622
247.5,587.255102
246,587.292517
237.5,587.4251701
236.1355355,587.4465272
235.759468,587.4522423
235.3615229,587.4579575
234.9417002,587.4636726
234.5,587.4693878
233.8076667,587.4786056
233.1907722,587.4878234
232.6493165,587.4970413
232.1832995,587.5062591
232,587.5102041
228.5,587.5782313
227.0372672,587.6097123
226.9223586,587.6120461
226.7945112,587.61438
226.653725,587.6167138
226.5,587.6190476
200.5,587.9897959
200.4369827,587.990732
200.3764366,587.9916681
200.3183618,587.9926042
200.2627582,587.9935403
198.5,588.0238908
191,588.1501706
190.7554069,588.1546464
190.5415356,588.1591222
190.3583861,588.163598
190.2059585,588.1680738
189.5,588.1911263
186,588.3037543
185.8815347,588.3074475
185.7523441,588.3111408
185.6124283,588.3148341
185.4617872,588.3185273
184.5,588.3412969
183.9070199,588.3553353
183.6058964,588.3620646
183.2710185,588.3687939
182.9023864,588.3755232
182.5,588.3822526
166,588.6518771
165.9539659,588.652616
164.6616058,588.6763221
163.7384915,588.7000281
163.1846229,588.7237342
163,588.7474403
163,588.7872993
162.875,588.8012253
162.5,588.8151514
161.875,588.8290774
161,588.8430034
142,589.1030928
139.375,589.1448709
137.5,589.1866489
136.375,589.228427
136,589.2702051
136,589.2817869
136,589.6013746
136,589.6017553
136.03125,589.6076739
136.125,589.6135924
136.28125,589.619511
136.5,589.6254296
136.71875,589.6313481
136.875,589.6372667
136.96875,589.6431852
137,589.6491038
137,589.6494845
137,589.8556701
136.7,589.9037801
136.7,590.1080139
136.729223,590.1163681
136.816892,590.1247223
136.963007,590.1330765
137.1675679,590.1414307
137.5,590.1533101
146.5,590.4878049
146.5049053,590.4879802
146.9294847,590.5097133
146.9868603,590.5314465
146.6770321,590.5531797
146,590.5749129
145.513089,590.5872086
144.7730789,590.6146225
144.7242274,590.6420364
145.3665344,590.6694502
146.7,590.6968641
156,590.8432056
157.7466484,590.8817272
158.2678463,590.9202489
157.5635936,590.9587705
155.6338903,590.9972922
155,591.0068966
152.5,591.0482759
152.0625,591.0558516
151.75,591.0634274
151.5625,591.0710031
151.5,591.0785789
151.5,591.0896552
151.5,591.1448276
151.5798276,591.152891
151.8193103,591.1609544
152.2184483,591.1690178
152.7772414,591.1770812
153.5,591.1862069
153.9375,591.19252
154.25,591.1988332
154.4375,591.2051463
154.5,591.2114594
154.5,591.262069
154.4656897,591.2672675
154.3627586,591.272466
154.1912069,591.2776646
153.9510345,591.2828631
152.5,591.3103448
152.1204741,591.318012
151.7915517,591.3256792
151.5132328,591.3333464
151.2855172,591.3410136
149,591.4275862
148.7779569,591.4354101
148.524931,591.4432341
148.2409224,591.451058
147.925931,591.4588819
147.5,591.4689655
147.1188397,591.4787539
146.8022828,591.4885423
146.5503293,591.4983307
146.3629793,591.5081191
146,591.5310345
145.6855172,591.5508882
145.4343103,591.5631661
145.0696552,591.5754441
144.5915517,591.587722
144,591.6
142,591.6344828
141.5625,591.6439525
141.25,591.6534222
141.0625,591.6628918
141,591.6723615
141,591.6862069
141,591.737931
141.0138121,591.7442727
141.0552483,591.7506143
141.1243086,591.7569559
141.2209931,591.7632976
141.5,591.7793103
142.5,591.8344828
142.7229822,591.8453462
143.013361,591.8562096
143.3711363,591.867073
143.7963081,591.8779364
144,591.8827586
144.1248621,591.8855408
144.2644138,591.8883229
144.4186552,591.891105
144.5875862,591.8938871
150,591.9793103
150.5061689,591.9872991
150.9478236,591.9939708
151.427347,592.0006426
151.9447392,592.0073143
152.5,592.013986
165.5,592.1678322
167.1458577,592.1890734
168.4272154,592.2103147
169.3440731,592.2315559
169.8964308,592.2527972
170,592.2587413
171,592.3181818
171.0793176,592.3217374
171.1933659,592.325293
171.342145,592.3288485
171.5256549,592.3324041
172.5,592.3496503
187.5,592.6223776
187.6455277,592.6249535
188.2075496,592.6391697
188.2873023,592.6533858
187.8847858,592.667602
187,592.6818182
179.5,592.7762238
179.4348416,592.7770465
178.8280543,592.7873303
178.6366516,592.7976142
178.8606335,592.807898
179.5,592.8181818
193.5,592.986014
194.8090313,593.0050483
195.6004801,593.0240827
195.8743465,593.0431171
195.6306305,593.0621514
193.5,593.1428571
193.1487245,593.1605983
193.0316327,593.1783395
193.1487245,593.1960807
193.5,593.2138219
194.5,593.2517007
195.3167116,593.2940788
195.5292804,593.336457
195.1377063,593.3788351
194.1419894,593.4212133
193.5,593.4421769
190,593.5578231
189.7771805,593.5644952
189.5173712,593.5711672
189.2205722,593.5778393
188.8867833,593.5845113
188.5,593.5918367
187.9158861,593.6028995
187.5640829,593.6103379
187.2941675,593.6177763
187.1061399,593.6252147
187,593.6326531
186,593.7482993
185.667586,593.7672196
185.0020087,593.7861399
184.0032681,593.8050601
182.6713643,593.8239804
182.2,593.829932
179.5,593.8639456
173.5,593.9591837
172.2755987,593.9785082
171.7285246,593.9890006
171.4169001,593.999493
171.3407253,594.0099854
171.5,594.0204778
172.4502147,594.0564708
172.4778914,594.0577115
172.4954145,594.0589521
172.502784,594.0601928
172.5,594.0614334
172,594.1433447
171.9934061,594.1443854
172.0048447,594.1552174
172.1764232,594.1660494
172.5081416,594.1768813
173,594.1877133
173.7223003,594.2035741
174.2143019,594.2194349
174.4760049,594.2352957
174.5074092,594.2511565
174.5,594.2525597
174,594.3481229
173.9948549,594.3490973
174.155753,594.3795704
174.9602432,594.4100435
176.4083255,594.4405166
178.5,594.4709898
183,594.5290102
183.1064846,594.5303547
184.4448805,594.5487899
185.5399317,594.5672252
186.3916382,594.5856604
187,594.6040956
188,594.6382253
188.1655581,594.6437022
188.3730479,594.6491792
188.6224695,594.6546562
188.9138228,594.6601332
190,594.6791809
196.5,594.7849829
197.7190183,594.8063602
197.9406699,594.8104016
198.1447173,594.8144429
198.3311607,594.8184843
198.5,594.8225256
200,594.8600683
200.3791296,594.8689194
200.8155083,594.8777705
201.3091361,594.8866217
201.8600131,594.8954728
202,594.8976109
235.5,595.4041812
237.5,595.4425087
245.5,595.554007
246.6701463,595.57067
248.1269573,595.5943788
249.1675366,595.6180876
249.7918841,595.6417964
250,595.6655052
250,595.6721982
250.0625,595.6827201
250.25,595.6932419
250.5625,595.7037638
251,595.7142857
254.5,595.7909408
254.9135976,595.7991863
255.3707317,595.8074319
255.8714024,595.8156775
256.4156098,595.823923
257.5,595.8397213
258.9971893,595.8615335
259.2724172,595.8656623
259.531295,595.8697911
259.7738226,595.8739199
260,595.8780488
261.0145253,595.9036681
261.3527003,595.9292874
261.0145253,595.9549068
260,595.9805261
257.5,596.0278746
257.2268293,596.0330483
256.6871951,596.04395
256.2195122,596.0548517
255.8237805,596.0657534
255.5,596.0766551
255.1557491,596.0896949
254.8688589,596.1021143
254.6639373,596.1145338
254.5409843,596.1269533
254.5,596.1393728
254.5,596.1522411
254.40625,596.1664456
254.125,596.1806501
253.65625,596.1948547
253,596.2090592
245.3,596.3554007
204,596.9756098
201.1771496,597.0324854
200.2762399,597.089361
201.2972709,597.1462366
204.2402426,597.2031122
204.5,597.2068966
205.0623448,597.2147858
205.6663448,597.222675
206.312,597.2305643
206.9993103,597.2384535
208.5,597.2551724
209.2291995,597.2637371
209.8792611,597.2723018
210.4501847,597.2808665
210.9419704,597.2894313
211.5,597.3
212.5011092,597.3176376
213.641908,597.3352752
214.9223966,597.3529127
216.3425747,597.3705503
216.5,597.3724138
217.524,597.384535
218.0563276,597.3909875
218.5631034,597.3974399
219.0443276,597.4038924
219.5,597.4103448
220.6892414,597.4276706
222.1376983,597.4517874
223.1723103,597.4759043
223.7930776,597.5000211
224,597.5241379
224,597.5307642
224.0625,597.5385904
224.25,597.5464166
224.5625,597.5542428
225,597.562069
242,597.8241379
243.4763559,597.8525611
244.2736256,597.8809843
244.3918092,597.9094074
243.8309065,597.9378306
243.5,597.9482759
237.5,598.130137
236.3891781,598.1652008
236.1459418,598.1744143
236,598.1836278
235.9513527,598.1928413
236,598.2020548
236,598.2371121
235.259589,598.2721695
233.7787671,598.3072268
231.5575342,598.3422841
228,598.390411
200,598.760274
199.9488584,598.7609658
199.3619863,598.7693545
198.8415525,598.7777432
198.3875571,598.7861319
198,598.7945205
197.9181735,598.7964577
197.8260103,598.7985419
197.7255936,598.8006261
197.6169235,598.8027103
197.5,598.8047945
186.5,598.9965753
185.2724008,599.0177117
183.8146268,599.0529389
183.533302,599.0881662
184.4284264,599.1233934
186.5,599.1586207
196.5,599.2931034
204.5,599.4103448
208,599.4896552
208.4358196,599.499877
208.7933805,599.5100989
209.0726828,599.5203208
209.2737265,599.5305426
209.5,599.5448276
209.7268415,599.5546196
210.0971555,599.5644116
210.6109418,599.5742036
211.2682006,599.5839956
214,599.6206897
222.5,599.7310345
222.7970591,599.7352528
223.0601526,599.739471
223.2892807,599.7436893
223.4844432,599.7479076
223.5,599.7482759
223.6582241,599.7517503
223.8393793,599.7552247
224.0434655,599.7586991
224.2704828,599.7621735
224.5,599.7655172
231,599.862069
231.65625,599.8729955
232.125,599.8839221
232.40625,599.8948487
232.5,599.9057753
232.5,599.9103448
232.5,600
233.5,600.0343643
233.5,600.1030928
233.5504485,600.1123021
233.7017938,600.1215113
233.9540361,600.1307206
234.3071753,600.1399299
234.5,600.1443299
237,600.1993127
237.7778656,600.2170625
238.32359,600.2332436
238.5425205,600.2494247
238.4346571,600.2656058
238,600.2817869
237.6984262,600.2905237
237.4395224,600.2992604
237.2232888,600.3079971
237.0497253,600.3167338
237,600.3195876
236,600.371134
235.9084066,600.3760727
235.8057307,600.3810114
235.6919724,600.3859502
235.5671316,600.3908889
235,600.4123711
233.642255,600.4638009
233.4512144,600.4698438
233.1971584,600.4758867
232.8800869,600.4819296
232.5,600.4879725
201.5,600.9347079
201.3791227,600.9365711
201.2702963,600.9384342
201.1735207,600.9402973
201.088796,600.9421605
198.5,601.0034483
198.491908,601.0036398
198.0560172,601.0130747
197.5454023,601.0225096
196.9600632,601.0319444
196.3,601.0413793
189.5,601.1344828
189.1071583,601.1397972
188.4278084,601.1496755
187.8501653,601.1595538
187.3742292,601.1694321
187,601.1793103
184.5,601.2551724
184.4190069,601.2576465
184.0169414,601.2716832
183.7297517,601.2857198
183.5574379,601.2997565
183.5,601.3137931
183.5,601.4206897
183.5,601.4450366
183.25,601.4829154
182.5,601.5207941
181.25,601.5586729
179.5,601.5965517
173.5,601.7103448
173.0607524,601.7186639
171.358366,601.7631359
170.9474451,601.8076078
171.8279898,601.8520798
174,601.8965517
175.1271724,601.9143417
176.0278707,601.9288597
176.8902414,601.9433777
177.7142845,601.9578958
178.5,601.9724138
179.0189423,601.983259
179.4305172,601.9941042
179.7347248,602.0049494
179.931565,602.0157946
180,602.020979
181,602.0874126
181.20625,602.0987762
181.525,602.1101399
181.95625,602.1215035
182.5,602.1328671
189.5,602.2587413
190.1432692,602.2749854
190.3576923,602.2912296
190.1432692,602.3074738
189.5,602.3237179
188.5,602.3426573
188.1467949,602.3500389
187.8666667,602.3574204
187.6596154,602.3648019
187.525641,602.3721834
187.5,602.3741259
186.5,602.4615385
186.4951923,602.4619027
186.4723558,602.4705529
186.6322115,602.4792031
186.9747596,602.4878533
187.5,602.4965035
222.5,602.979021
222.7794466,602.9831517
223.0289038,602.9872825
223.2483716,602.9914133
223.43785,602.9955441
224.5,603.0206897
224.7852839,603.0269815
225.1096023,603.0332733
225.4729552,603.0395651
225.8753426,603.045857
226.5,603.0551724
243,603.3
243.5315862,603.3079275
244.1740172,603.3188767
244.6328966,603.3298258
244.9082241,603.340775
245,603.3517241
245,603.4344828
245.0428017,603.4409679
245.1712069,603.447453
245.3852155,603.4539381
245.6848276,603.4604232
246.5,603.4758621
251.5,603.5724138
252.5,603.5913532
252.8928448,603.6012735
253.0237931,603.6111938
252.8928448,603.6211142
252.5,603.6310345
249.5,603.6862069
248.6823864,603.7075657
248.4850313,603.7289244
248.907935,603.7502832
249.9510972,603.771642
250,603.7724138
256,603.8689655
259,603.9275862
259.3943084,603.9360008
259.6886513,603.9444154
259.8830287,603.95283
259.9774406,603.9612446
260,603.9655172
260.5,604.0482759
260.5147368,604.0510669
260.5764406,604.0589899
260.6778857,604.0669128
260.8190721,604.0748357
261,604.0827586
263.5,604.1793103
263.8648895,604.1937078
264.0983464,604.2039016
264.2820171,604.2140953
264.4159017,604.224289
264.5,604.2344828
265.5,604.3862069
265.5567484,604.3910647
265.6705657,604.3959224
265.841452,604.4007802
266.0694072,604.4056379
266.5,604.4137931
270.5,604.4896552
271.4355623,604.5130466
271.7721177,604.536438
271.5096663,604.5598294
270.6482079,604.5832208
270.5,604.5862069
262,604.7551724
253,604.8689655
221,605.4809689
220.3576125,605.4931353
219.6990701,605.5099899
219.5032872,605.5268445
219.7702638,605.543699
220.5,605.5605536
227,605.6747405
229,605.7681661
252.5,606.174216
253.2436824,606.1873795
253.5944247,606.1945416
253.8373917,606.2017037
253.9725835,606.2088658
254,606.2160279
253.5,606.3519164
253.5390692,606.3635234
253.7420756,606.3751304
254.1090193,606.3867374
254.6399004,606.3983444
255.5,606.4146341
256.4720867,606.4330449
257.5528455,606.4650276
257.4177507,606.4970102
256.0668022,606.5289929
253.5,606.5609756
246,606.6376307
244.8893979,606.6506147
244.1352854,606.6635987
243.7376625,606.6765828
243.6965291,606.6895668
243.7,606.6898955
244.5,606.7665505
247.5,606.8815331
247.8549648,606.9051219
247.6743687,606.9287108
246.9582116,606.9522996
245.7064935,606.9758885
245.5,606.9790941
234.5,607.1448276
232.6097379,607.1741722
232.3429776,607.178905
232.1524345,607.1836378
232.0381086,607.1883706
232,607.1931034
232,607.2210144
231.96875,607.2261056
231.875,607.2311968
231.71875,607.2362881
231.5,607.2413793
218.5,607.5034483
191.5,607.9034483
191.3882793,607.9050885
189.2808252,607.9434212
188.180294,607.9817539
188.0866856,608.0200866
189,608.0584192
196,608.2474227
196.2733202,608.2560682
196.4542022,608.2647138
196.5426461,608.2733593
196.5386519,608.2820049
196.5,608.2886598
195.5,608.4604811
190.7,608.5532646
190.7,608.6494845
175.5,608.9106529
174.84375,608.9236846
174.375,608.9367163
174.09375,608.949748
174,608.9627797
174,608.9725086
174,609.2762238
174.1449038,609.3006184
174.5796154,609.325013
175.3041346,609.3494075
176.3184615,609.3738021
176.5,609.3776224
182,609.4895105
199.5,609.7132867
199.6696075,609.7154869
200.1950903,609.7236781
200.5086499,609.7318693
200.6102865,609.7400605
200.5,609.7482517
199,609.8041958
198.9465959,609.8062187
198.7455239,609.819699
198.8540672,609.8331793
199.2722259,609.8466596
200,609.8601399
249.5,610.6153846
250.59375,610.6344767
251.375,610.6535689
251.84375,610.672661
252,610.6917531
252,610.6923077
252,611.0136519
254,611.2047782
254.1192416,611.21607
254.0869269,611.2405508
253.4729484,611.2650316
252.2773061,611.2895124
250.5,611.3139932
241,611.4266212
238,611.5153584
225,611.6996587
208,611.9931741
207.9674166,611.994008
207.9630134,611.9948419
207.9867905,611.9956759
208.0387478,611.9965098
210.5,612.0275862
211.3423589,612.0413841
211.6838558,612.0551819
211.5244906,612.0689798
210.8642633,612.0827776
209.5,612.1034483
199.5,612.2551724
198.625,612.2703239
198,612.2854754
197.625,612.300627
197.5,612.3157785
197.5,612.337931
197.5,612.6482759
197.5631,612.6592651
197.7524,612.6702543
198.0679,612.6812435
198.5096,612.6922327
199.5,612.7137931
203,612.7862069
205,612.8413793
223,613.0625
225.5,613.1180556
231.5,613.1944444
234.5,613.25
246.5,613.4166667
249.5,613.5069444
258.5,613.6458333
261,613.71875
277.5,613.9444444
281,614.0241379
295.5,614.2206897
307.5,614.4655172
307.5,614.5724138
307.5,614.5944692
307.34375,614.609645
306.875,614.6248208
306.09375,614.6399966
305,614.6551724
293.5,614.7931034
292.3795336,614.8067066
291.2125157,614.8257196
290.8435875,614.8447326
291.2727489,614.8637456
292.5,614.8827586
300,614.9689655
301.3125,614.986502
302.25,615.0040385
302.8125,615.0215749
303,615.0391114
303,615.0487805
303,615.2090592
300,615.2857143
300,615.3658537
291.5,615.4808362
279,615.6655052
281,615.7421603
281.3923539,615.7570222
281.5799579,615.7724705
281.3271003,615.7879187
280.633781,615.803367
279.5,615.8188153
269.5,615.9337979
263.5,616.0482759
263.4430501,616.0493545
262.9423307,616.0628779
262.8682492,616.0764014
263.2208056,616.0899248
264,616.1034483
276.5,616.2758621
277.1030136,616.2863278
277.3758549,616.2967935
277.3185237,616.3072592
276.9310201,616.3177249
275.5,616.3448276
262.5,616.5931034
245,616.8206897
235,616.9551724
234.4339033,616.96267
233.3951293,616.9805349
232.9765541,616.9983998
233.1781776,617.0162648
234,617.0341297
240,617.1296928
240.745335,617.1414563
241.7162453,617.161553
242.0823262,617.1816497
241.8435778,617.2017463
241,617.221843
234.5,617.334471
233.84375,617.3476233
233.375,617.3607757
233.09375,617.3739281
233,617.3870804
233,617.3959044
233,617.4505119
233,617.4576472
233.03125,617.4661023
233.125,617.4745574
233.28125,617.4830125
233.5,617.4914676
238,617.6450512
238.2134916,617.656129
238.1988689,617.6672068
237.9561319,617.6782846
237.4852805,617.6893624
235.5,617.7269625
230.7222228,617.8174507
230.0760741,617.8357842
230.0736541,617.8541178
230.7149627,617.8724514
232,617.890785
237,617.9488055
237.686901,617.9566425
238.9176318,617.9726902
239.7967253,617.9887379
240.3241813,618.0047856
240.5,618.0208333
240.5,618.2847222
240.3375,618.3011364
239.85,618.3175505
239.0375,618.3339646
237.9,618.3503788
236.5,618.3680556
235.9,618.3756313
235.06875,618.3876263
234.475,618.3996212
234.11875,618.4116162
234,618.4236111
234,618.4826389
234.0586458,618.4893199
234.2345833,618.4960009
234.5278125,618.5026819
234.9383333,618.5093629
235.5,618.5173611
243.5,618.6319444
253.5,618.9791667
253.5441871,618.9813909
253.5522611,618.9836152
253.5242221,618.9858394
253.4600702,618.9880637
251.5,619.0410959
250.7701452,619.060843
250.5016842,619.0721734
250.5338397,619.0835037
250.8666116,619.094834
251.5,619.1061644
262,619.260274
262.0922038,619.261607
262.9886905,619.278397
263.3554855,619.2951871
263.1925886,619.3119771
262.5,619.3287671
244,619.6575342
243.0156517,619.6747962
242.8018244,619.6790424
242.6446067,619.6832885
242.5439985,619.6875347
242.5,619.6917808
242,619.8321918
242.019955,619.8381202
242.1236429,619.8440486
242.3110637,619.849977
242.5822174,619.8559054
243.5,619.8732877
247.5,619.9520548
258.5,620.0874126
261.5,620.1818182
271.5,620.3146853
276.5,620.4090909
295.5,620.6643357
302.5,620.7972028
302.5,621.0171821
299,621.1305842
298.4953402,621.1470634
298.3419536,621.1523938
298.208268,621.1577241
298.0942835,621.1630545
298,621.1683849
297.5899227,621.1905752
297.0626804,621.2127655
296.4182732,621.2349559
295.656701,621.2571462
295,621.2749141
293.9517648,621.3032754
293.7539138,621.311649
293.779336,621.3200226
294.0280314,621.3283962
294.5,621.3367698
313,621.604811
317,621.6975945
320,621.7560137
320.4532086,621.7645972
321.0543394,621.7804926
321.1791816,621.796388
320.8277351,621.8122833
320,621.8281787
303.5,622.0731707
302.6341143,622.0860836
301.8993601,622.1011481
301.715423,622.1162125
302.082303,622.131277
303,622.1463415
316.5,622.3170732
317.2681074,622.3267715
318.1939159,622.3426396
318.4578342,622.3585077
318.0598622,622.3743758
317,622.3902439
312,622.445993
311.2788894,622.4555353
310.7882822,622.4650776
310.5281786,622.4746199
310.4985784,622.4841622
310.5,622.4843206
311,622.5400697
311.049588,622.5455942
311.0294732,622.5616347
310.6811703,622.5776751
310.0046792,622.5937156
309,622.6097561
303.5,622.6864111
302.8298277,622.6986894
302.6085979,622.7109677
302.8363106,622.7232459
303.5129658,622.7355242
304,622.7421603
316.5,622.9094077
317.0930763,622.9198202
317.3439138,622.9302327
317.2525128,622.9406452
316.818873,622.9510577
316,622.9651568
289.5,623.4095563
289,623.4709898
276,623.6928328
275.0916245,623.7084728
274.5263719,623.7241874
274.656017,623.7399019
275.4805597,623.7556165
277,623.7713311
281.5,623.8088737
282.9760904,623.8241608
283.7721501,623.8394479
283.8881791,623.854735
283.3241774,623.8700221
282.5,623.883959
278,623.9590444
277.8526448,623.9621934
277.78302,623.9653424
277.7911256,623.9684914
277.8769615,623.9716404
279,624
282,624.0758621
285.5,624.1137931
293,624.2482759
316,624.5586207
316.6674411,624.5701649
316.9143028,624.5817091
316.7405853,624.5932534
316.1462885,624.6047976
316,624.6068966
289.5,624.9793103
288.7443902,624.9932043
288.4142694,625.0070983
288.5096377,625.0209923
289.0304949,625.0348862
290.5,625.0627178
290.8570974,625.069481
291.8749006,625.0965358
292.0713187,625.1235907
291.4463519,625.1506455
290,625.1777003
283.5,625.271777
282.5926702,625.2895156
282.3058369,625.3072542
282.6395001,625.3249928
283.5936599,625.3427314
284,625.3484321
307,625.6689895
307.9194658,625.6834441
308.6172219,625.6978987
309.0932683,625.7123532
309.3476049,625.7268078
309.5,625.7421603
311,625.8989547
311.2061427,625.9079402
311.6461826,625.9169258
312.3201197,625.9259113
313.227954,625.9348969
313.5,625.9372822
320,625.9930314
320.5756214,625.9980785
323.1754835,626.0263367
324.5295006,626.0545948
324.6376728,626.082853
323.5,626.1111111
291.5,626.625
291.2181985,626.6298741
290.9801471,626.6347482
290.7858456,626.6396223
290.6352941,626.6444964
289.5,626.6875
287.5,626.7638889
286.7888587,626.7860139
285.8236341,626.8081389
284.6043261,626.8302638
283.1309349,626.8523888
282.5,626.8611111
260.5,627.1597222
252,627.3090278
244.5,627.4236111
243.96875,627.4316604
243.4179687,627.4409328
242.9895833,627.4502052
242.6835937,627.4594776
242.5,627.46875
239.5,627.7013889
235.5,627.7777778
233,627.875
233.5,627.96875
240.5,628.1358885
240.9860425,628.1476902
241.4295563,628.1630325
241.4963871,628.1783747
241.186535,628.193717
240.5,628.2090592
234,628.3205575
233.5545236,628.3283696
232.8150469,628.3455803
232.5594674,628.3627911
232.7877851,628.3800018
233.5,628.3972125
243,628.5749129
243.3371378,628.5819683
243.5662425,628.5890238
243.687314,628.5960793
243.7003525,628.6031347
243.5,628.6376307
241.5,628.9651568
241.4358029,628.97621
241.3514079,628.9821575
241.1673091,628.988105
240.8835065,628.9940525
240.5,629
224,629.2312925
223.807302,629.2342536
223.6607264,629.2372148
223.5602733,629.2401759
223.5059426,629.243137
223.2,629.2721088
223.172534,629.2742991
223.1363946,629.2764894
223.0915816,629.2786797
223.0380952,629.2808699
223,629.2823129
219,629.4353741
218.922035,629.4402354
218.9448149,629.4450967
219.0683397,629.449958
219.2926094,629.4548192
220.5,629.4761905
228.5,629.6156463
229.3568562,629.636586
229.5613961,629.6575258
229.1136196,629.6784656
228.0135268,629.6994054
227,629.7142857
196,630.1706485
194.5,630.3003413
192.5,630.4539249
192.5,630.5972696
188,631.1448276
193,631.4068966
188,631.6068966
189,631.8344828
186,631.9241379
189.5,632.0887372
189.5,632.8600683
190.5,633.0209059
190,633.1080139
190,633.4529617
187.5,633.5296167
187.5,633.6027875
191,633.6794425
191,633.9721254
189,634.0273973
190.5,634.1267123
190,634.4280822
189.5,634.4863014
189.5,634.6746575
189.5777397,634.6864363
189.8109589,634.698215
190.1996575,634.7099938
190.7438356,634.7217725
193.5,634.7739726
194.375,634.792912
195,634.8118514
195.375,634.8307908
195.5,634.8497302
195.5,634.8767123
195.5,635.0544218
192,635.170068
192,635.3231293
192,635.3388677
192.25,635.3629943
193,635.3871209
194.25,635.4112475
196,635.4353741
230.5,635.8503401
240,636.0341297
238.5,636.2662116
225,636.4163823
213.5,636.6040956
215,636.9556314
222.5,637.105802
238.5,637.3890785
238,637.5392491
241.5,637.6518771
253,637.8805461
254.5,637.9556314
265,638.1418685
314,638.8823529
316.1696298,638.9263599
316.8696041,638.9703668
316.0999228,639.0143737
313.860586,639.0583807
312,639.0859107
271,639.6975945
270.78125,639.7012936
270.625,639.7049927
270.53125,639.7086918
270.5,639.7123909
270.5,639.7388316
270.5,639.8797251
271.5,639.9312715
271.5,640.1172414
272.5,640.1931034
270,640.3241379
269.915679,640.332829
269.9931167,640.3415201
270.2323129,640.3502112
270.6332678,640.3589023
271,640.3655172
280.5,640.537931
282,640.5758621
291,640.7448276
293,640.8758621
280.5,641.1006711
285,641.6912752
304,642.0342466
304,642.4109589
308,642.5068493
309,642.5582192
314,642.6541096
314,642.7294521
314.1179726,642.7415295
314.4718904,642.753607
315.0617534,642.7656844
315.8875616,642.7777619
318,642.8047945
349,643.2013889
349,643.2916667
361,643.5
361,643.6006944
378,643.8854167
386,644
388,644.0584192
404.5,644.3024055
406.3326107,644.3362675
407.2891441,644.3701295
407.3696002,644.4039915
406.573979,644.4378534
406,644.4536082
397,644.6975945
388.5,644.8865979
376,645.0763889
374.90625,645.0953283
374.125,645.1142677
373.65625,645.1332071
373.5,645.1521465
373.5,645.15625
373.5,645.2638889
372.5,645.3194444
373.5,645.7777778
373.5413088,645.7973369
373.4334816,645.8098082
373.0573211,645.8222795
372.4128272,645.8347509
371.5,645.8472222
346,646.1527778
343.3715163,646.1927632
342.1997826,646.2327487
342.4847989,646.2727341
344.2265652,646.3127196
345.5,646.3333333
349,646.3888889
349.6379553,646.4014584
349.9988273,646.414028
350.082616,646.4265976
349.8893214,646.4391671
347,646.5486111
346.78125,646.5580808
346.625,646.5675505
346.53125,646.5770202
346.5,646.5864899
346.5,646.59375
346.5,646.7430556
346.5,646.7551848
346.65625,646.7677775
347.125,646.7803702
347.90625,646.7929629
349,646.8055556
379,647.1054422
380.3384023,647.1202119
381.4214066,647.1349816
382.249013,647.1497513
382.8212214,647.164521
383.5,647.1870748
387.5,647.3197279
385,647.414966
384.5,647.4931973
384.5325437,647.5240152
385.0206997,647.5548331
385.9644679,647.5856511
387.3638484,647.616469
387.5,647.6190476
388.1285714,647.6309524
390.0732143,647.6636905
392.45,647.6964286
395.2589286,647.7291667
398.5,647.7619048
399.9210275,647.7786472
400.6481162,647.7953896
400.6812662,647.8121319
400.0204773,647.8288743
397.5,647.8707483
381.5,648.1326531
378,648.2108844
377,648.2857143
370,648.4217687
364,648.4965986
350.5,648.6462585
350.5,648.8809524
349.5,648.9183673
349.5,648.9727891
349.7179266,648.9948019
350.3717065,649.0168147
351.4613397,649.0388275
352.9868262,649.0608403
358,649.1241379
367.3744828,649.2425026
368.1051293,649.2525666
368.702931,649.2626306
369.1678879,649.2726946
369.5,649.2827586
370.7801199,649.331248
371.0231072,649.3380912
371.3907496,649.3449344
371.8830472,649.3517775
372.5,649.3586207
387.5,649.5103448
389.25,649.5304931
390.5,649.5506414
391.25,649.5707897
391.5,649.590938
391.5,649.5931034
391.5,649.9586207
384.5,650.1310345
384.5,650.2344828
388,650.3448276
388,650.4517241
388,650.4704724
387.875,650.4804405
387.5,650.4904086
386.875,650.5003767
386,650.5103448
369,650.6793103
357,650.8137931
346.5,650.9827586
346.5,651.1107266
349,651.1903114
349,651.2975779
349,651.3238036
348.9375,651.331088
348.75,651.3383724
348.4375,651.3456568
348,651.3529412
341.5,651.4463668
341.0625,651.4536512
340.75,651.4609355
340.5625,651.4682199
340.5,651.4755043
340.5,651.4844291
340.5,651.7439446
341.5,651.8546713
341.5266361,651.8576388
341.8414183,651.8767931
342.4419063,651.8959474
343.3281002,651.9151017
344.5,651.9342561
351,652.0275862
351.8601432,652.0423122
352.4189933,652.0570381
352.6765503,652.0717641
352.6328142,652.08649
352.5,652.0965517
351,652.2103448
350.9268966,652.215883
350.8910776,652.2231191
350.9746552,652.2303553
351.1776293,652.2375914
351.5,652.2448276
354.5,652.3034483
354.8844121,652.3107288
355.6018436,652.3278742
355.9435854,652.3450196
355.9096375,652.362165
355.5,652.3793103
353.5,652.4344828
353.490965,652.434742
353.2679134,652.4432979
353.1950687,652.4518538
353.2724309,652.4604096
353.5,652.4689655
359.5,652.6413793
359.7990814,652.6498337
360.1650041,652.6666856
360.0704648,652.6835375
359.5154635,652.7003895
358.5,652.7172414
351.5,652.8137931
350.5,652.8896552
348.5,652.9448276
349.5,653.0689655
354.5,653.1862069
353.5,653.2448276
353.5,653.4896552
362.5,653.6206897
363.5,653.6793103
363,653.8
366.5,653.8931034
375,654.0446735
375,654.1408935
384,654.3127148
384,654.5017182
385,654.5601375
384,654.6872852
393.5,654.8762887
394.8491583,654.9031858
396.0296718,654.9368071
396.1983166,654.9704285
395.3550927,655.0040499
393.5,655.0376712
373.5,655.3219178
372.5,655.4349315
372.5,655.5342466
375.5,655.7191781
375,655.8082192
388,656.0719178
387.5,656.1267123
387.3906387,656.1388961
387.4104139,656.1555419
387.7685659,656.1721878
388.4650946,656.1888336
389.5,656.2054795
400.5,656.359589
401.5,656.4726027
397,656.5684932
397.5,656.6506849
407.5,656.8630137
410.5,657.0138408
438.5,657.3183391
443.5,657.3944637
447.5,657.5086505
448,657.6055363
445.5,657.6989619
448,657.7923875
445.5,657.8477509
429.5,658.0551724
417.5,658.1862069
413.5,658.2586207
413.5,658.3862069
420.5,658.537931
430,658.6482759
436.5,658.7586207
438.5,658.862069
455,659.1020408
455,659.2380952
418,659.6462585
417,659.8163265
419.5,659.8911565
441.5,660.1344828
427,660.5655172
435.5,660.9275862
413.5,661.1724138
405,661.3586207
404,661.9793103
386,662.1890034
374,662.5704467
358,662.742268
361,662.9553265
339,663.2560554
339,663.3598616
322,663.7370242
322.5,663.8304498
314,664.0761246
314,664.2422145
322,664.5986159
312,664.8062284
312,664.9065744
321,665.040678
314,665.2847458
319,665.5728814
312,665.779661
311.5,665.9355932
